{
"lengthUnit": "mil",
"remark": [],
"components": {
	"fields": ["COMPONENT_NO", "COMPONENT_NAME", "LAYER", "X_COORDINATE", "Y_COORDINATE", "ANGLE"],
	"rows": [
		[1, "C1", "T", -472.44, 393.7, 0],
		[2, "D1", "T", -920, -375, 0],
		[3, "H3", "T", -1005, -690, 0],
		[4, "J1", "T", 0, 0, 0],
		[5, "LDR1", "T", -393.7, -590.55, 90],
		[6, "LED1", "T", -1574.8, -590.55, 0],
		[7, "Q1", "T", -866.14, 393.7, 180],
		[8, "R1", "T", -1377.95, 0, 0],
		[9, "R2", "T", -1377.95, -196.85, 0],
		[10, "R3", "T", -472.44, 0, 0],
		[11, "R4", "T", -472.44, -196.85, 0],
		[12, "RV1_SPEED", "T", -1968.5, 314.96, 90],
		[13, "RV2_AMP", "T", -1968.5, -314.96, 90],
		[14, "U1", "T", -1424.997, 314.999, 0],
		[15, "PAD1", "T", -511.81, 393.7, 0],
		[16, "PAD1", "B", -511.81, 393.7, 0],
		[17, "PAD2", "T", -433.07, 393.7, 0],
		[18, "PAD2", "B", -433.07, 393.7, 0],
		[19, "PAD3", "T", 0, -450, 0],
		[20, "PAD3", "B", 0, -450, 0],
		[21, "PAD4", "T", 0, -250, 0],
		[22, "PAD4", "B", 0, -250, 0],
		[23, "PAD5", "T", 0, 250, 0],
		[24, "PAD5", "B", 0, 250, 0],
		[25, "PAD6", "T", 0, 350, 0],
		[26, "PAD6", "B", 0, 350, 0],
		[27, "PAD7", "T", 0, 450, 0],
		[28, "PAD7", "B", 0, 450, 0],
		[29, "PAD8", "T", -393.7, -657.48, 0],
		[30, "PAD8", "B", -393.7, -657.48, 0],
		[31, "PAD9", "T", -393.7, -523.62, 0],
		[32, "PAD9", "B", -393.7, -523.62, 0],
		[33, "PAD10", "T", -1574.8, -540.55, 0],
		[34, "PAD10", "B", -1574.8, -540.55, 0],
		[35, "PAD11", "T", -1574.8, -640.55, 0],
		[36, "PAD11", "B", -1574.8, -640.55, 0],
		[37, "PAD12", "T", -795.43, 397.99, 0],
		[38, "PAD12", "B", -795.43, 397.99, 0],
		[39, "PAD13", "T", -866.14, 318.7, 0],
		[40, "PAD13", "B", -866.14, 318.7, 0],
		[41, "PAD14", "T", -936.85, 397.99, 0],
		[42, "PAD14", "B", -936.85, 397.99, 0],
		[43, "PAD15", "T", -1577.95, 0, 0],
		[44, "PAD15", "B", -1577.95, 0, 0],
		[45, "PAD16", "T", -1177.95, 0, 0],
		[46, "PAD16", "B", -1177.95, 0, 0],
		[47, "PAD17", "T", -1577.95, -196.85, 0],
		[48, "PAD17", "B", -1577.95, -196.85, 0],
		[49, "PAD18", "T", -1177.95, -196.85, 0],
		[50, "PAD18", "B", -1177.95, -196.85, 0],
		[51, "PAD19", "T", -672.44, 0, 0],
		[52, "PAD19", "B", -672.44, 0, 0],
		[53, "PAD20", "T", -272.44, 0, 0],
		[54, "PAD20", "B", -272.44, 0, 0],
		[55, "PAD21", "T", -672.44, -196.85, 0],
		[56, "PAD21", "B", -672.44, -196.85, 0],
		[57, "PAD22", "T", -272.44, -196.85, 0],
		[58, "PAD22", "B", -272.44, -196.85, 0],
		[59, "PAD23", "T", -1425, 215, 0],
		[60, "PAD23", "B", -1425, 215, 0],
		[61, "PAD24", "T", -1325, 215, 0],
		[62, "PAD24", "B", -1325, 215, 0],
		[63, "PAD25", "T", -1225, 215, 0],
		[64, "PAD25", "B", -1225, 215, 0],
		[65, "PAD26", "T", -1325, 515, 0],
		[66, "PAD26", "B", -1325, 515, 0],
		[67, "PAD27", "T", -1425, 515, 0],
		[68, "PAD27", "B", -1425, 515, 0],
		[69, "PAD28", "T", -1968.5, 216.53, 0],
		[70, "PAD28", "B", -1968.5, 216.53, 0],
		[71, "PAD29", "T", -1968.5, 314.96, 0],
		[72, "PAD29", "B", -1968.5, 314.96, 0],
		[73, "PAD30", "T", -1968.5, 413.38, 0],
		[74, "PAD30", "B", -1968.5, 413.38, 0],
		[75, "PAD31", "T", -1968.5, -413.39, 0],
		[76, "PAD31", "B", -1968.5, -413.39, 0],
		[77, "PAD32", "T", -1968.5, -314.96, 0],
		[78, "PAD32", "B", -1968.5, -314.96, 0],
		[79, "PAD33", "T", -1968.5, -216.54, 0],
		[80, "PAD33", "B", -1968.5, -216.54, 0],
		[81, "PAD34", "T", -758.58, -375, 0],
		[82, "PAD34", "B", -758.58, -375, 0],
		[83, "PAD35", "T", -1081.42, -375, 0],
		[84, "PAD35", "B", -1081.42, -375, 0],
		[85, "PAD36", "T", -1084, -690, 0],
		[86, "PAD36", "B", -1084, -690, 0],
		[87, "PAD37", "T", -1005, -690, 0],
		[88, "PAD37", "B", -1005, -690, 0],
		[89, "PAD38", "T", -926, -690, 0],
		[90, "PAD38", "B", -926, -690, 0]
	]
},
"pins": {
	"fields": ["PIN_NO", "PIN_NAME", "PIN_X", "PIN_Y", "LAYER", "PIN_TYPE", "NET_NAME", "NET_TYPE", "PAD_SHAPE", "PAD_SIZEX", "PAD_SIZEY", "HOLE_SIZE", "HOLE_LEN", "PAD_ANGLE"],
	"rows": [
		[1, "C1_1", -511.81, 393.7, "T", "DIP", "Q1_2", "", "C", 51.181, 51.181, 31.496, 31.496, 0],
		[2, "C1_1", -511.81, 393.7, "B", "DIP", "Q1_2", "", "C", 51.181, 51.181, 31.496, 31.496, 0],
		[3, "C1_2", -433.07, 393.7, "T", "DIP", "GND", "GND", "C", 51.181, 51.181, 31.496, 31.496, 0],
		[4, "C1_2", -433.07, 393.7, "B", "DIP", "GND", "GND", "C", 51.181, 51.181, 31.496, 31.496, 0],
		[5, "D1_1", -1081.42, -375, "T", "DIP", "AUDIO_OUT", "", "C", 62.992, 62.992, 31.496, 31.496, 180],
		[6, "D1_1", -1081.42, -375, "B", "DIP", "AUDIO_OUT", "", "C", 62.992, 62.992, 31.496, 31.496, 180],
		[7, "D1_2", -758.58, -375, "T", "DIP", "NET_1", "", "C", 62.992, 62.992, 31.496, 31.496, 180],
		[8, "D1_2", -758.58, -375, "B", "DIP", "NET_1", "", "C", 62.992, 62.992, 31.496, 31.496, 180],
		[9, "H3_1", -1084, -690, "T", "DIP", "AUDIO_OUT", "", "C", 64, 64, 27.6, 27.6, 0],
		[10, "H3_1", -1084, -690, "B", "DIP", "AUDIO_OUT", "", "C", 64, 64, 27.6, 27.6, 0],
		[11, "H3_2", -1005, -690, "T", "DIP", "NET_2", "", "C", 64, 64, 27.6, 27.6, 0],
		[12, "H3_2", -1005, -690, "B", "DIP", "NET_2", "", "C", 64, 64, 27.6, 27.6, 0],
		[13, "H3_3", -926, -690, "T", "DIP", "NET_3", "", "C", 64, 64, 27.6, 27.6, 0],
		[14, "H3_3", -926, -690, "B", "DIP", "NET_3", "", "C", 64, 64, 27.6, 27.6, 0],
		[15, "J1_1", 0, -450, "T", "DIP", "GND", "GND", "R", 62, 62, 35, 35, 90],
		[16, "J1_1", 0, -450, "B", "DIP", "GND", "GND", "R", 62, 62, 35, 35, 90],
		[17, "J1_2", 0, -350, "T", "DIP", "NET_4", "", "C", 62, 62, 35, 35, 90],
		[18, "J1_2", 0, -350, "B", "DIP", "NET_4", "", "C", 62, 62, 35, 35, 90],
		[19, "J1_3", 0, -250, "T", "DIP", "+12V", "", "C", 62, 62, 35, 35, 90],
		[20, "J1_3", 0, -250, "B", "DIP", "+12V", "", "C", 62, 62, 35, 35, 90],
		[21, "J1_4", 0, -150, "T", "DIP", "NET_5", "", "C", 62, 62, 35, 35, 90],
		[22, "J1_4", 0, -150, "B", "DIP", "NET_5", "", "C", 62, 62, 35, 35, 90],
		[23, "J1_5", 0, -50, "T", "DIP", "NET_6", "", "C", 62, 62, 35, 35, 90],
		[24, "J1_5", 0, -50, "B", "DIP", "NET_6", "", "C", 62, 62, 35, 35, 90],
		[25, "J1_6", 0, 50, "T", "DIP", "NET_7", "", "C", 62, 62, 35, 35, 90],
		[26, "J1_6", 0, 50, "B", "DIP", "NET_7", "", "C", 62, 62, 35, 35, 90],
		[27, "J1_7", 0, 150, "T", "DIP", "NET_8", "", "C", 62, 62, 35, 35, 90],
		[28, "J1_7", 0, 150, "B", "DIP", "NET_8", "", "C", 62, 62, 35, 35, 90],
		[29, "J1_8", 0, 250, "T", "DIP", "AUDIO_OUT", "", "C", 62, 62, 35, 35, 90],
		[30, "J1_8", 0, 250, "B", "DIP", "AUDIO_OUT", "", "C", 62, 62, 35, 35, 90],
		[31, "J1_9", 0, 350, "T", "DIP", "GND", "GND", "C", 62, 62, 35, 35, 90],
		[32, "J1_9", 0, 350, "B", "DIP", "GND", "GND", "C", 62, 62, 35, 35, 90],
		[33, "J1_10", 0, 450, "T", "DIP", "NET_2", "", "C", 62, 62, 35, 35, 90],
		[34, "J1_10", 0, 450, "B", "DIP", "NET_2", "", "C", 62, 62, 35, 35, 90],
		[35, "LDR1_1", -393.7, -657.48, "T", "DIP", "NET_3", "", "C", 59.055, 59.055, 31.496, 31.696, 90],
		[36, "LDR1_1", -393.7, -657.48, "B", "DIP", "NET_3", "", "C", 59.055, 59.055, 31.496, 31.696, 90],
		[37, "LDR1_2", -393.7, -523.62, "T", "DIP", "NET_1", "", "C", 59.055, 59.055, 31.496, 31.696, 90],
		[38, "LDR1_2", -393.7, -523.62, "B", "DIP", "NET_1", "", "C", 59.055, 59.055, 31.496, 31.696, 90],
		[39, "LED1_1", -1574.8, -540.55, "T", "DIP", "LED1_1", "", "C", 65, 65, 38, 38, 90],
		[40, "LED1_1", -1574.8, -540.55, "B", "DIP", "LED1_1", "", "C", 65, 65, 38, 38, 90],
		[41, "LED1_2", -1574.8, -640.55, "T", "DIP", "GND", "GND", "C", 65, 65, 38, 38, 90],
		[42, "LED1_2", -1574.8, -640.55, "B", "DIP", "GND", "GND", "C", 65, 65, 38, 38, 90],
		[43, "Q1_1", -795.43, 397.99, "T", "DIP", "Q1_1", "", "C", 70, 70, 40, 40.201, 135],
		[44, "Q1_1", -795.43, 397.99, "B", "DIP", "Q1_1", "", "C", 70, 70, 40, 40.201, 135],
		[45, "Q1_2", -866.14, 318.7, "T", "DIP", "Q1_2", "", "C", 70, 70, 40, 40.201, 135],
		[46, "Q1_2", -866.14, 318.7, "B", "DIP", "Q1_2", "", "C", 70, 70, 40, 40.201, 135],
		[47, "Q1_3", -936.85, 397.99, "T", "DIP", "Q1_3", "", "C", 70, 70, 40, 40.201, 135],
		[48, "Q1_3", -936.85, 397.99, "B", "DIP", "Q1_3", "", "C", 70, 70, 40, 40.201, 135],
		[49, "R1_1", -1577.95, 0, "T", "DIP", "+12V", "", "C", 74, 74, 35.4, 35.4, 0],
		[50, "R1_1", -1577.95, 0, "B", "DIP", "+12V", "", "C", 74, 74, 35.4, 35.4, 0],
		[51, "R1_2", -1177.95, 0, "T", "DIP", "Q1_3", "", "C", 74, 74, 35.4, 35.4, 0],
		[52, "R1_2", -1177.95, 0, "B", "DIP", "Q1_3", "", "C", 74, 74, 35.4, 35.4, 0],
		[53, "R2_1", -1577.95, -196.85, "T", "DIP", "+12V", "", "C", 74, 74, 35.4, 35.4, 0],
		[54, "R2_1", -1577.95, -196.85, "B", "DIP", "+12V", "", "C", 74, 74, 35.4, 35.4, 0],
		[55, "R2_2", -1177.95, -196.85, "T", "DIP", "R2_2", "", "C", 74, 74, 35.4, 35.4, 0],
		[56, "R2_2", -1177.95, -196.85, "B", "DIP", "R2_2", "", "C", 74, 74, 35.4, 35.4, 0],
		[57, "R3_1", -672.44, 0, "T", "DIP", "Q1_1", "", "C", 74, 74, 35.4, 35.4, 0],
		[58, "R3_1", -672.44, 0, "B", "DIP", "Q1_1", "", "C", 74, 74, 35.4, 35.4, 0],
		[59, "R3_2", -272.44, 0, "T", "DIP", "GND", "GND", "C", 74, 74, 35.4, 35.4, 0],
		[60, "R3_2", -272.44, 0, "B", "DIP", "GND", "GND", "C", 74, 74, 35.4, 35.4, 0],
		[61, "R4_1", -672.44, -196.85, "T", "DIP", "U1_2", "", "C", 74, 74, 35.4, 35.4, 0],
		[62, "R4_1", -672.44, -196.85, "B", "DIP", "U1_2", "", "C", 74, 74, 35.4, 35.4, 0],
		[63, "R4_2", -272.44, -196.85, "T", "DIP", "RV2_AMP_1", "", "C", 74, 74, 35.4, 35.4, 0],
		[64, "R4_2", -272.44, -196.85, "B", "DIP", "RV2_AMP_1", "", "C", 74, 74, 35.4, 35.4, 0],
		[65, "RV1_SPEED_1", -1968.5, 413.38, "T", "DIP", "R2_2", "", "C", 70.866, 70.866, 43.308, 43.308, 90],
		[66, "RV1_SPEED_1", -1968.5, 413.38, "B", "DIP", "R2_2", "", "C", 70.866, 70.866, 43.308, 43.308, 90],
		[67, "RV1_SPEED_2", -1968.5, 314.96, "T", "DIP", "Q1_2", "", "C", 70.866, 70.866, 43.308, 43.308, 90],
		[68, "RV1_SPEED_2", -1968.5, 314.96, "B", "DIP", "Q1_2", "", "C", 70.866, 70.866, 43.308, 43.308, 90],
		[69, "RV1_SPEED_3", -1968.5, 216.53, "T", "DIP", "Q1_2", "", "C", 70.866, 70.866, 43.308, 43.308, 90],
		[70, "RV1_SPEED_3", -1968.5, 216.53, "B", "DIP", "Q1_2", "", "C", 70.866, 70.866, 43.308, 43.308, 90],
		[71, "RV2_AMP_1", -1968.5, -216.54, "T", "DIP", "RV2_AMP_1", "", "C", 70.866, 70.866, 43.308, 43.308, 90],
		[72, "RV2_AMP_1", -1968.5, -216.54, "B", "DIP", "RV2_AMP_1", "", "C", 70.866, 70.866, 43.308, 43.308, 90],
		[73, "RV2_AMP_2", -1968.5, -314.96, "T", "DIP", "LED1_1", "", "C", 70.866, 70.866, 43.308, 43.308, 90],
		[74, "RV2_AMP_2", -1968.5, -314.96, "B", "DIP", "LED1_1", "", "C", 70.866, 70.866, 43.308, 43.308, 90],
		[75, "RV2_AMP_3", -1968.5, -413.39, "T", "DIP", "LED1_1", "", "C", 70.866, 70.866, 43.308, 43.308, 90],
		[76, "RV2_AMP_3", -1968.5, -413.39, "B", "DIP", "LED1_1", "", "C", 70.866, 70.866, 43.308, 43.308, 90],
		[77, "U1_1", -1525, 215, "T", "DIP", "NET_9", "", "R", 63, 63, 35, 35, 0],
		[78, "U1_1", -1525, 215, "B", "DIP", "NET_9", "", "R", 63, 63, 35, 35, 0],
		[79, "U1_2", -1425, 215, "T", "DIP", "U1_2", "", "C", 63, 63, 35, 35, 0],
		[80, "U1_2", -1425, 215, "B", "DIP", "U1_2", "", "C", 63, 63, 35, 35, 0],
		[81, "U1_3", -1325, 215, "T", "DIP", "Q1_2", "", "C", 63, 63, 35, 35, 0],
		[82, "U1_3", -1325, 215, "B", "DIP", "Q1_2", "", "C", 63, 63, 35, 35, 0],
		[83, "U1_4", -1225, 215, "T", "DIP", "GND", "GND", "C", 63, 63, 35, 35, 0],
		[84, "U1_4", -1225, 215, "B", "DIP", "GND", "GND", "C", 63, 63, 35, 35, 0],
		[85, "U1_5", -1225, 515, "T", "DIP", "NET_10", "", "C", 63, 63, 35, 35, 0],
		[86, "U1_5", -1225, 515, "B", "DIP", "NET_10", "", "C", 63, 63, 35, 35, 0],
		[87, "U1_6", -1325, 515, "T", "DIP", "U1_2", "", "C", 63, 63, 35, 35, 0],
		[88, "U1_6", -1325, 515, "B", "DIP", "U1_2", "", "C", 63, 63, 35, 35, 0],
		[89, "U1_7", -1425, 515, "T", "DIP", "+12V", "", "C", 63, 63, 35, 35, 0],
		[90, "U1_7", -1425, 515, "B", "DIP", "+12V", "", "C", 63, 63, 35, 35, 0],
		[91, "U1_8", -1525, 515, "T", "DIP", "NET_11", "", "C", 63, 63, 35, 35, 0],
		[92, "U1_8", -1525, 515, "B", "DIP", "NET_11", "", "C", 63, 63, 35, 35, 0],
		[93, "PAD1_1", -511.81, 393.7, "T", "DIP", "Q1_2", "", "C", 51.181, 51.181, 31.496, 31.496, 0],
		[94, "PAD1_1", -511.81, 393.7, "B", "DIP", "Q1_2", "", "C", 51.181, 51.181, 31.496, 31.496, 0],
		[95, "PAD2_2", -433.07, 393.7, "T", "DIP", "GND", "GND", "C", 51.181, 51.181, 31.496, 31.496, 0],
		[96, "PAD2_2", -433.07, 393.7, "B", "DIP", "GND", "GND", "C", 51.181, 51.181, 31.496, 31.496, 0],
		[97, "PAD3_1", 0, -450, "T", "DIP", "GND", "GND", "R", 62, 62, 35, 35, 90],
		[98, "PAD3_1", 0, -450, "B", "DIP", "GND", "GND", "R", 62, 62, 35, 35, 90],
		[99, "PAD4_3", 0, -250, "T", "DIP", "+12V", "", "C", 62, 62, 35, 35, 90],
		[100, "PAD4_3", 0, -250, "B", "DIP", "+12V", "", "C", 62, 62, 35, 35, 90],
		[101, "PAD5_8", 0, 250, "T", "DIP", "AUDIO_OUT", "", "C", 62, 62, 35, 35, 90],
		[102, "PAD5_8", 0, 250, "B", "DIP", "AUDIO_OUT", "", "C", 62, 62, 35, 35, 90],
		[103, "PAD6_9", 0, 350, "T", "DIP", "GND", "GND", "C", 62, 62, 35, 35, 90],
		[104, "PAD6_9", 0, 350, "B", "DIP", "GND", "GND", "C", 62, 62, 35, 35, 90],
		[105, "PAD7_10", 0, 450, "T", "DIP", "NET_2", "", "C", 62, 62, 35, 35, 90],
		[106, "PAD7_10", 0, 450, "B", "DIP", "NET_2", "", "C", 62, 62, 35, 35, 90],
		[107, "PAD8_1", -393.7, -657.48, "T", "DIP", "NET_3", "", "C", 59.055, 59.055, 31.496, 31.696, 90],
		[108, "PAD8_1", -393.7, -657.48, "B", "DIP", "NET_3", "", "C", 59.055, 59.055, 31.496, 31.696, 90],
		[109, "PAD9_2", -393.7, -523.62, "T", "DIP", "NET_1", "", "C", 59.055, 59.055, 31.496, 31.696, 90],
		[110, "PAD9_2", -393.7, -523.62, "B", "DIP", "NET_1", "", "C", 59.055, 59.055, 31.496, 31.696, 90],
		[111, "PAD10_1", -1574.8, -540.55, "T", "DIP", "LED1_1", "", "C", 65, 65, 38, 38, 90],
		[112, "PAD10_1", -1574.8, -540.55, "B", "DIP", "LED1_1", "", "C", 65, 65, 38, 38, 90],
		[113, "PAD11_2", -1574.8, -640.55, "T", "DIP", "GND", "GND", "C", 65, 65, 38, 38, 90],
		[114, "PAD11_2", -1574.8, -640.55, "B", "DIP", "GND", "GND", "C", 65, 65, 38, 38, 90],
		[115, "PAD12_1", -795.43, 397.99, "T", "DIP", "Q1_1", "", "C", 70, 70, 40, 40.201, 135],
		[116, "PAD12_1", -795.43, 397.99, "B", "DIP", "Q1_1", "", "C", 70, 70, 40, 40.201, 135],
		[117, "PAD13_2", -866.14, 318.7, "T", "DIP", "Q1_2", "", "C", 70, 70, 40, 40.201, 135],
		[118, "PAD13_2", -866.14, 318.7, "B", "DIP", "Q1_2", "", "C", 70, 70, 40, 40.201, 135],
		[119, "PAD14_3", -936.85, 397.99, "T", "DIP", "Q1_3", "", "C", 70, 70, 40, 40.201, 135],
		[120, "PAD14_3", -936.85, 397.99, "B", "DIP", "Q1_3", "", "C", 70, 70, 40, 40.201, 135],
		[121, "PAD15_1", -1577.95, 0, "T", "DIP", "+12V", "", "C", 74, 74, 35.4, 35.4, 0],
		[122, "PAD15_1", -1577.95, 0, "B", "DIP", "+12V", "", "C", 74, 74, 35.4, 35.4, 0],
		[123, "PAD16_2", -1177.95, 0, "T", "DIP", "Q1_3", "", "C", 74, 74, 35.4, 35.4, 0],
		[124, "PAD16_2", -1177.95, 0, "B", "DIP", "Q1_3", "", "C", 74, 74, 35.4, 35.4, 0],
		[125, "PAD17_1", -1577.95, -196.85, "T", "DIP", "+12V", "", "C", 74, 74, 35.4, 35.4, 0],
		[126, "PAD17_1", -1577.95, -196.85, "B", "DIP", "+12V", "", "C", 74, 74, 35.4, 35.4, 0],
		[127, "PAD18_2", -1177.95, -196.85, "T", "DIP", "R2_2", "", "C", 74, 74, 35.4, 35.4, 0],
		[128, "PAD18_2", -1177.95, -196.85, "B", "DIP", "R2_2", "", "C", 74, 74, 35.4, 35.4, 0],
		[129, "PAD19_1", -672.44, 0, "T", "DIP", "Q1_1", "", "C", 74, 74, 35.4, 35.4, 0],
		[130, "PAD19_1", -672.44, 0, "B", "DIP", "Q1_1", "", "C", 74, 74, 35.4, 35.4, 0],
		[131, "PAD20_2", -272.44, 0, "T", "DIP", "GND", "GND", "C", 74, 74, 35.4, 35.4, 0],
		[132, "PAD20_2", -272.44, 0, "B", "DIP", "GND", "GND", "C", 74, 74, 35.4, 35.4, 0],
		[133, "PAD21_1", -672.44, -196.85, "T", "DIP", "U1_2", "", "C", 74, 74, 35.4, 35.4, 0],
		[134, "PAD21_1", -672.44, -196.85, "B", "DIP", "U1_2", "", "C", 74, 74, 35.4, 35.4, 0],
		[135, "PAD22_2", -272.44, -196.85, "T", "DIP", "RV2_AMP_1", "", "C", 74, 74, 35.4, 35.4, 0],
		[136, "PAD22_2", -272.44, -196.85, "B", "DIP", "RV2_AMP_1", "", "C", 74, 74, 35.4, 35.4, 0],
		[137, "PAD23_2", -1425, 215, "T", "DIP", "U1_2", "", "C", 63, 63, 35, 35, 0],
		[138, "PAD23_2", -1425, 215, "B", "DIP", "U1_2", "", "C", 63, 63, 35, 35, 0],
		[139, "PAD24_3", -1325, 215, "T", "DIP", "Q1_2", "", "C", 63, 63, 35, 35, 0],
		[140, "PAD24_3", -1325, 215, "B", "DIP", "Q1_2", "", "C", 63, 63, 35, 35, 0],
		[141, "PAD25_4", -1225, 215, "T", "DIP", "GND", "GND", "C", 63, 63, 35, 35, 0],
		[142, "PAD25_4", -1225, 215, "B", "DIP", "GND", "GND", "C", 63, 63, 35, 35, 0],
		[143, "PAD26_6", -1325, 515, "T", "DIP", "U1_2", "", "C", 63, 63, 35, 35, 0],
		[144, "PAD26_6", -1325, 515, "B", "DIP", "U1_2", "", "C", 63, 63, 35, 35, 0],
		[145, "PAD27_7", -1425, 515, "T", "DIP", "+12V", "", "C", 63, 63, 35, 35, 0],
		[146, "PAD27_7", -1425, 515, "B", "DIP", "+12V", "", "C", 63, 63, 35, 35, 0],
		[147, "PAD28_3", -1968.5, 216.53, "T", "DIP", "Q1_2", "", "C", 70.866, 70.866, 43.308, 43.308, 90],
		[148, "PAD28_3", -1968.5, 216.53, "B", "DIP", "Q1_2", "", "C", 70.866, 70.866, 43.308, 43.308, 90],
		[149, "PAD29_2", -1968.5, 314.96, "T", "DIP", "Q1_2", "", "C", 70.866, 70.866, 43.308, 43.308, 90],
		[150, "PAD29_2", -1968.5, 314.96, "B", "DIP", "Q1_2", "", "C", 70.866, 70.866, 43.308, 43.308, 90],
		[151, "PAD30_1", -1968.5, 413.38, "T", "DIP", "R2_2", "", "C", 70.866, 70.866, 43.308, 43.308, 90],
		[152, "PAD30_1", -1968.5, 413.38, "B", "DIP", "R2_2", "", "C", 70.866, 70.866, 43.308, 43.308, 90],
		[153, "PAD31_3", -1968.5, -413.39, "T", "DIP", "LED1_1", "", "C", 70.866, 70.866, 43.308, 43.308, 90],
		[154, "PAD31_3", -1968.5, -413.39, "B", "DIP", "LED1_1", "", "C", 70.866, 70.866, 43.308, 43.308, 90],
		[155, "PAD32_2", -1968.5, -314.96, "T", "DIP", "LED1_1", "", "C", 70.866, 70.866, 43.308, 43.308, 90],
		[156, "PAD32_2", -1968.5, -314.96, "B", "DIP", "LED1_1", "", "C", 70.866, 70.866, 43.308, 43.308, 90],
		[157, "PAD33_1", -1968.5, -216.54, "T", "DIP", "RV2_AMP_1", "", "C", 70.866, 70.866, 43.308, 43.308, 90],
		[158, "PAD33_1", -1968.5, -216.54, "B", "DIP", "RV2_AMP_1", "", "C", 70.866, 70.866, 43.308, 43.308, 90],
		[159, "PAD34_2", -758.58, -375, "T", "DIP", "NET_1", "", "C", 62.992, 62.992, 31.496, 31.496, 180],
		[160, "PAD34_2", -758.58, -375, "B", "DIP", "NET_1", "", "C", 62.992, 62.992, 31.496, 31.496, 180],
		[161, "PAD35_1", -1081.42, -375, "T", "DIP", "AUDIO_OUT", "", "C", 62.992, 62.992, 31.496, 31.496, 180],
		[162, "PAD35_1", -1081.42, -375, "B", "DIP", "AUDIO_OUT", "", "C", 62.992, 62.992, 31.496, 31.496, 180],
		[163, "PAD36_1", -1084, -690, "T", "DIP", "AUDIO_OUT", "", "C", 64, 64, 27.6, 27.6, 0],
		[164, "PAD36_1", -1084, -690, "B", "DIP", "AUDIO_OUT", "", "C", 64, 64, 27.6, 27.6, 0],
		[165, "PAD37_2", -1005, -690, "T", "DIP", "NET_2", "", "C", 64, 64, 27.6, 27.6, 0],
		[166, "PAD37_2", -1005, -690, "B", "DIP", "NET_2", "", "C", 64, 64, 27.6, 27.6, 0],
		[167, "PAD38_3", -926, -690, "T", "DIP", "NET_3", "", "C", 64, 64, 27.6, 27.6, 0],
		[168, "PAD38_3", -926, -690, "B", "DIP", "NET_3", "", "C", 64, 64, 27.6, 27.6, 0]
	]
}
}