{
"lengthUnit": "mil",
"remark": [],
"components": {
	"fields": ["COMPONENT_NO", "COMPONENT_NAME", "LAYER", "X_COORDINATE", "Y_COORDINATE", "ANGLE"],
	"rows": [
		[1, "CN1", "T", -85, 10, 90],
		[2, "K1", "T", 95, -205, 0],
		[3, "PAD1", "T", -85, -29.37, 0],
		[4, "PAD1", "B", -85, -29.37, 0],
		[5, "PAD2", "T", -85, 49.37, 0],
		[6, "PAD2", "B", -85, 49.37, 0],
		[7, "PAD3", "T", 50, 90, 0],
		[8, "PAD3", "B", 50, 90, 0],
		[9, "PAD4", "T", 50, -76.9898, 0],
		[10, "PAD4", "B", 50, -76.9898, 0]
	]
},
"pins": {
	"fields": ["PIN_NO", "PIN_NAME", "PIN_X", "PIN_Y", "LAYER", "PIN_TYPE", "NET_NAME", "NET_TYPE", "PAD_SHAPE", "PAD_SIZEX", "PAD_SIZEY", "HOLE_SIZE", "HOLE_LEN", "PAD_ANGLE"],
	"rows": [
		[1, "CN1_1", -85, 49.37, "T", "DIP", "$1N239", "", "C", 62.992, 62.992, 35.434, 35.434, 270],
		[2, "CN1_1", -85, 49.37, "B", "DIP", "$1N239", "", "C", 62.992, 62.992, 35.434, 35.434, 270],
		[3, "CN1_2", -85, -29.37, "T", "DIP", "$1N232", "", "C", 62.992, 62.992, 35.434, 35.434, 270],
		[4, "CN1_2", -85, -29.37, "B", "DIP", "$1N232", "", "C", 62.992, 62.992, 35.434, 35.434, 270],
		[5, "K1_1", 50, 90, "T", "DIP", "$1N239", "", "C", 60, 60, 36, 36, 0],
		[6, "K1_1", 50, 90, "B", "DIP", "$1N239", "", "C", 60, 60, 36, 36, 0],
		[7, "K1_2", 50, -76.9898, "T", "DIP", "$1N232", "", "C", 60, 60, 36, 36, 0],
		[8, "K1_2", 50, -76.9898, "B", "DIP", "$1N232", "", "C", 60, 60, 36, 36, 0],
		[9, "PAD1_2", -85, -29.37, "T", "DIP", "$1N232", "", "C", 62.992, 62.992, 35.434, 35.434, 270],
		[10, "PAD1_2", -85, -29.37, "B", "DIP", "$1N232", "", "C", 62.992, 62.992, 35.434, 35.434, 270],
		[11, "PAD2_1", -85, 49.37, "T", "DIP", "$1N239", "", "C", 62.992, 62.992, 35.434, 35.434, 270],
		[12, "PAD2_1", -85, 49.37, "B", "DIP", "$1N239", "", "C", 62.992, 62.992, 35.434, 35.434, 270],
		[13, "PAD3_1", 50, 90, "T", "DIP", "$1N239", "", "C", 60, 60, 36, 36, 0],
		[14, "PAD3_1", 50, 90, "B", "DIP", "$1N239", "", "C", 60, 60, 36, 36, 0],
		[15, "PAD4_2", 50, -76.9898, "T", "DIP", "$1N232", "", "C", 60, 60, 36, 36, 0],
		[16, "PAD4_2", 50, -76.9898, "B", "DIP", "$1N232", "", "C", 60, 60, 36, 36, 0]
	]
}
}